{
  "id": 920,
  "version": 2,
  "title": "Safebooru",
  "author": "TsukiSeele",
  "type": "image",
  "rating": "S",
  "icon": "https://safebooru.org/favicon.ico",
  "remarks": "Booru图库，收录ACGN图片，无R18内容，请放心浏览",
  "homeSection": {
    "indexUrl": "https://safebooru.org/index.php?page=post&s=list&pid={page:-1,40}",
    "gallerySelectors": {
      "title": {
        "selector": "$(.thumb > a).attr(id)",
        "capture": "p(.*)",
        "replacement": "SafeBooru $1"
      },
      "tags": {
        "selector": "$(.thumb img).attr(alt)"
      },
      "catalogUrl": {
        "selector": "$(.thumb a).attr(href)",
        "capture": ".*",
        "replacement": "https://safebooru.org/$0"
      },
      "coverUrl": {
        "selector": "$(.thumb img).attr(src)"
      }
    },
    "catalogSelectors": {
      "title": {
        "selector": "$(head > title).text"
      },
      "originUrl": {
        "selector": "$(body).html",
        "capture": "(https?:)?(//safebooru.org//?images/\\d+?/.*?\\.(jpg|png|jpeg))",
        "replacement": "https:$2"
      },
      "sampleUrl": {
        "selector": "$(#image).attr(src)"
      }
    }
  },
  "searchSection": {
    "indexUrl": "https://safebooru.org/index.php?tags={keywords:}&page=post&s=list&pid={page:-1,40}",
    "reuse": "homeSection"
  }
}