{
  "id": 921,
  "version": 1,
  "title": "Sakugabooru",
  "author": "TsukiSeele",
  "rating": "S",
  "remarks": "Booru图库，然而收录的却是视频",
  "flag": "",
  "type": "image",
  "icon": "https://www.sakugabooru.com/favicon.ico?new",
  "requestHeaders": {},
  "homeSection": {
    "indexUrl": "https://www.sakugabooru.com/post?page={page:}",
    "gallerySelectors": {
      "title": {
        "selector": "$(ul#post-list-posts > li).attr(id)",
        "capture": "(?<=p)(.*)",
        "replacement": "Sakugabooru $1"
      },
      "coverUrl": {
        "selector": "$(div.inner > a.thumb > img).attr(src)"
      },
      "catalogUrl": {
        "selector": "$(div.inner > a).attr(href)",
        "capture": "(.*)",
        "replacement": "https://www.sakugabooru.com$1"
      }
    },
    "catalogSelectors": {
      "title": {
        "selector": "$(title).text"
      },
      "tags": {
        "selector": "$(textarea#post_tags).text"
      },
      "sampleUrl": {
        "selector": "$(video source).attr(src)"
      },
      "originUrl": {
        "selector": "$(a#highres).attr(href)"
      },
      "datetime": {
        "selector": "$(script#forum-posts-latest).html",
        "capture": "(\\d{4}-\\d{2}-\\d{2})T(\\d{2}:\\d{2}:\\d{2})",
        "replacement": "$1 $2"
      }
    }
  },
  "searchSection": {
    "indexUrl": "https://www.sakugabooru.com/post?page={page:}&tags={keywords:}",
    "reuse": "homeSection"
  },
  "extraSections": {}
}