{
  "id": 913,
  "version": 1,
  "title": "Konachan Pool",
  "author": "TsukiSeele",
  "rating": "S",
  "remarks": "Booru图库，Konachan的画集池，收录ACGN画集",
  "flag": "",
  "type": "comic",
  "icon": "https://konachan.com/favicon.ico",
  "requestHeaders": {
    "Referer": "https://konachan.com/"
  },
  "homeSection": {
    "indexUrl": "https://konachan.com/pool?page={page:0}",
    "gallerySelectors": {
      "title": {
        "regex": "\"id\":(.*?),",
        "capture": "(.*)",
        "replacement": "Konachan $1"
      },
      "coverUrl": {
        "regex": "\"preview_url\":\"(.*?)\"",
        "capture": "\\\\#g",
        "replacement": ""
      },
      "sampleUrl": {
        "regex": "\"sample_url\":\"(.*?)\""
      },
      "largerUrl": {
        "regex": "\"jpeg_url\":\"(.*?)\""
      },
      "originUrl": {
        "regex": "\"file_url\":\"(.*?)\""
      },
      "catalogUrl": {
        "regex": "hover_row\\s=\\s\\$\\(\"p(\\d+)\"\\)",
        "capture": "(.*)",
        "replacement": "https://konachan.com/pool/show/$1"
      }
    },
    "catalogSelectors": {
      "title": {
        "selector": "$(#post-list-posts > li).attr(id)",
        "capture": "p(.+)",
        "replacement": "$1"
      },
      "tags": {
        "selector": "$(#image).attr(alt)"
      },
      "coverUrl": {
        "selector": "$(.preview).attr(src)"
      },
      "datetime": {
        "selector": "$(script#forum-posts-latest).html",
        "capture": "(\\d{4}-\\d{2}-\\d{2})T(\\d{2}:\\d{2}:\\d{2})",
        "replacement": "$1 $2"
      },
      "extraUrl": {
        "selector": "$(.thumb).attr(href)",
        "capture": "(.+)",
        "replacement": "https://konachan.com$1"
      }
    },
    "extraSelectors": {
      "sampleUrl": {
        "selector": "$(#image).attr(src)"
      },
      "largerUrl": {
        "selector": "$(a#highres).attr(href)"
      },
      "originUrl": {
        "selector": "$(a#png).attr(href)"
      }
    }
  },
  "searchSection": {
    "indexUrl": "https://konachan.com/post?page={page:0}&tags={keywords:}",
    "reuse": "homeSection"
  },
  "extraSections": {}
}