{
  "id": 917,
  "version": 2,
  "title": "Moeimg",
  "author": "TsukiSeele",
  "type": "comic",
  "rating": "Q",
  "remarks": "ACG图集，二次元工口画像",
  "flag": "",
  "icon": "http://img.moeimg.net/wp-content/uploads/favicon.ico",
  "homeSection": {
    "indexUrl": "http://moeimg.net/page/{page:}",
    "gallerySelectors": {
      "title": {
        "selector": "$(.thumbnail_image).attr(alt)"
      },
      "catalogUrl": {
        "selector": "$(.box.list > a).attr(href)"
      },
      "coverUrl": {
        "selector": "$(.thumbnail_image).attr(src)"
      },
      "tags": {
        "selector": "$(div.tag).text"
      }
    },
    "catalogSelectors": {
      "originUrl": {
        "selector": "$(.thumbnail_image).attr(src)"
      },
      "coverUrl": {
        "selector": "$(.thumbnail_image).attr(src)"
      }
    }
  },
  "searchSection": {
    "indexUrl": "http://moeimg.net/tag/{keywords:}/page/{page:}",
    "reuse": "homeSection"
  }
}