{
  "id": 922,
  "version": 1,
  "title": "Yande Pool",
  "author": "TsukiSeele",
  "rating": "S",
  "remarks": "Booru图库，Yande的画集池，收录ACGN画集",
  "icon": "https://yande.re/favicon.ico",
  "flag": "",
  "type": "comic",
  "homeSection": {
    "indexUrl": "https://yande.re/pool?page={page:0}",
    "gallerySelectors": {
      "title": {
        "selector": "$(.even a,.odd a).text"
      },
      "coverUrl": {
        "regex": "\"preview_url\":\"(.*?)\""
      },
      "catalogUrl": {
        "selector": "$(.even a,.odd a).attr(href)",
        "capture": "(.*)",
        "replacement": "https://yande.re$1"
      }
    },
    "catalogSelectors": {
      "title": {
        "selector": "$(.thumb).attr(href)",
        "capture": "(\\d+)",
        "replacement": "$1"
      },
      "tags": {
        "selector": "$(.preview).attr(alt)",
        "capture": "Tags\\: (.*?) User\\:",
        "replacement": "$1"
      },
      "coverUrl": {
        "selector": "$(.preview).attr(src)"
      },
      "extraUrl": {
        "selector": "$(.thumb).attr(href)",
        "capture": "(.*)",
        "replacement": "https://yande.re/$1"
      }
    },
    "extraSelectors": {
      "sampleUrl": {
        "selector": "$(#image).attr(src)"
      },
      "largerUrl": {
        "selector": "$(#highres).attr(href)"
      },
      "originUrl": {
        "selector": "$(#png).attr(href)"
      }
    }
  },
  "searchSection": {
    "indexUrl": "https://yande.re/pool?page={page:0}&tags={keywords:}",
    "reuse": "homeSection"
  },
  "extraSections": {}
}