{
  "id": 302,
  "version": 2,
  "title": "E-Hentai",
  "author": "TsukiSeele",
  "type": "comic",
  "rating": "R",
  "remarks": "E绅士，这里是表站，需要梯子，本子比里站要少，有条件就用里站吧！",
  "icon": "https://e-hentai.org/favicon.ico",
  "requestHeaders": {
    "Cookie": "igneous=ed27332b5; ipb_member_id=4249385; ipb_pass_hash=887e9708aaae76e7161526fd299cff64; sl=dm_1;"
  },
  "homeSection": {
    "indexUrl": "https://e-hentai.org/?page={page:-1}",
    "gallerySelectors": {
      "title": {
        "selector": "$(.gl4t.glname).text"
      },
      "coverUrl": {
        "selector": "$(.gl3t a img).attr(src)"
      },
      "catalogUrl": {
        "selector": "$(.gl3t a).attr(href)",
        "capture": ".*",
        "replacement": "$0?inline_set=ts_l&p={page:0}"
      }
    },
    "catalogSelectors": {
      "title": {
        "selector": "$(div.gdtl a img).attr(alt)",
        "capture": "(.*)",
        "replacement": "$1"
      },
      "tags": {
        "selector": "$(meta[name=description]).attr(content)",
        "capture": "-\\sTags:(.*)",
        "replacement": "$1"
      },
      "coverUrl": {
        "selector": "$(.gdtl > a > img).attr(src)"
      },
      "extraUrl": {
        "selector": "$(.gdtl > a).attr(href)"
      }
    },
    "extraSelectors": {
      "originUrl": {
        "selector": "$(#img).attr(src)"
      }
    }
  },
  "searchSection": {
    "indexUrl": "https://e-hentai.org/?f_search={keywords:}&page={page:-1}",
    "reuse": "homeSection"
  }
}