{
  "title": "ExHentai",
  "id": 303,
  "version": 1,
  "author": "TsukiSeele",
  "rating": "S",
  "remarks": "E绅士，最大的本子交流网站，这里是里站。不需要梯子，但是需要使用Cookie登录才能访问",
  "flag": "",
  "type": "comic",
  "icon": "https://e-hentai.org/favicon.ico",
  "requestHeaders": {
    "Cookie": "igneous=aa2976800; ipb_member_id=4284686; ipb_pass_hash=0e39979493de251eb3d32c7926a21957; sl=dm_1;"
  },
  "homeSection": {
    "indexUrl": "https://exhentai.org/?page={page:-1}",
    "gallerySelectors": {
      "title": {
        "selector": "$(.gl4t.glname).text"
      },
      "coverUrl": {
        "selector": "$(.gl3t a img).attr(src)"
      },
      "catalogUrl": {
        "selector": "$(.gl3t a).attr(href)",
        "capture": ".*",
        "replacement": "$0?inline_set=ts_l&p={page:0}"
      }
    },
    "catalogSelectors": {
      "title": {
        "selector": "$(div.gdtl a img).attr(alt)",
        "capture": "(.*)",
        "replacement": "$1"
      },
      "tags": {
        "selector": "$(#taglist tr > td:eq(1) > div).text",
        "isCommon": true
      },
      "coverUrl": {
        "selector": "$(.gdtl > a > img).attr(src)"
      },
      "extraUrl": {
        "selector": "$(.gdtl > a).attr(href)"
      }
    },
    "extraSelectors": {
      "originUrl": {
        "selector": "$(#img).attr(src)"
      }
    }
  },
  "searchSection": {
    "indexUrl": "https://exhentai.org/?page={page:-1}&f_doujinshi=on&f_manga=on&f_artistcg=on&f_gamecg=on&f_non-h=on&f_imageset=on&f_misc=on&f_search={keywords:}&f_apply=Apply+Filter",
    "reuse": "homeSection"
  },
  "extraSections": {}
}