{
  "id": 918,
  "version": "1",
  "title": "Mzitu",
  "author": "TsukiSeele",
  "type": "comic",
  "rating": "Q",
  "remarks": "妹子图，真人写真",
  "flag": "",
  "icon": "https://www.mzitu.com/favicon.ico",
  "requestHeaders": {
    "Referer": "https://www.mzitu.com/"
  },
  "homeSection": {
    "indexUrl": "https://www.mzitu.com/page/{page:}/",
    "gallerySelectors": {
      "title": {
        "selector": "$(.lazy).attr(alt)"
      },
      "tags": {
        "selector": "$(.lazy).attr(alt)"
      },
      "coverUrl": {
        "selector": "$(.lazy).attr(data-original)"
      },
      "catalogUrl": {
        "selector": "$(#pins > li > a).attr(href)",
        "capture": ".*",
        "replacement": "$0/{page:1}"
      }
    },
    "catalogSelectors": {
      "coverUrl": {
        "selector": "$(.main-image img).attr(src)"
      },
      "originUrl": {
        "selector": "$(.main-image img).attr(src)"
      }
    }
  },
  "searchSection": {
    "indexUrl": "  https://www.mzitu.com/search/{keywords:}/page/{page:}/",
    "reuse": "homeSection"
  }
}