{
	"id": 916 ,
	"version": 2 ,
	"title": "Minitokyo" ,
	"author": "TsukiSeele" ,
	"type": "image" ,
	"rating": "S" ,
	"remarks": "ACG壁纸站点，对插件的兼容较差，凑合着用" ,
	"icon": "http://gallery.minitokyo.net/favicon.ico",
	"homeSection": {
		"indexUrl": "http://gallery.minitokyo.net/wallpapers?order=id&page={page:0}" ,
		"gallerySelectors": {
			"title" : {
				"selector": "$(ul.wallpapers > li > a > img).attr(alt)"
			} ,
			"catalogUrl": {
				"selector": "$(ul.wallpapers > li > a).attr(href)"
			} ,
			"coverUrl": {
				"selector": "$(ul.wallpapers > li > a > img).attr(src)"
			}
		} ,
		"catalogSelectors": {
			"title" : {
				"selector": "$(div#preview > p).text"
			} ,
			"tags": {
				"selector": "$(div#preview > a > img).attr(alt)"
			} ,
			"originUrl": {
				"selector": "$(div#preview > a).attr(href)"
			} ,
			"sampleUrl": {
				"selector": "$(div#preview > a > img).attr(src)"
			},
			"coverUrl": {
				"selector": "$(div#preview > a > img).attr(src)"
			}

		}
	} ,
	"searchSection": {
		"indexUrl": "http://www.minitokyo.net/{keywords:}" ,

		"gallerySelectors": {
			"title" : {
				"selector": "$(ul.scans > li > a > img).attr(alt)"
			} ,
			"catalogUrl": {
				"selector": "$(ul.scans > li > a).attr(href)"
			} ,
			"coverUrl": {
				"selector": "$(ul.scans > li > a > img).attr(src)"
			}
		} ,
		"catalogSelectors": {
			"title" : {
				"selector": "$(div#preview > p).text"
			} ,
			"tags": {
				"selector": "$(div#preview > a > img).attr(alt)"
			} ,
			"originUrl": {
				"selector": "$(div#preview > a).attr(href)"
			} ,
			"sampleUrl": {
				"selector": "$(div#preview > a > img).attr(src)"
			},
			"coverUrl": {
				"selector": "$(div#preview > a > img).attr(src)"
			}
		}
	}
}
