{
  "id": 908,
  "version": 2,
  "title": "Gelbooru",
  "author": "TsukiSeele",
  "type": "image",
  "rating": "Q",
  "icon": "http://gelbooru.com/favicon.ico",
  "remarks": "Booru图库，收录ACGN插画",
  "homeSection": {
    "indexUrl": "https://gelbooru.com/index.php?page=post&s=list&pid={page:-1,42}",
    "gallerySelectors": {
      "title": {
        "selector": "$(div.thumbnail-preview a).attr(id)",
        "capture": "(?<=p).*",
        "replacement": "Gelbooru $0"
      },
      "catalogUrl": {
        "selector": "$(div.thumbnail-preview a).attr(href)",
        "capture": ".*",
        "replacement": "https:$0"
      },
      "coverUrl": {
        "selector": "$(img.thumbnail-preview).attr(src)"
      }
    },
    "catalogSelectors": {
      "title": {
        "selector": "$(title).text"
      },
      "tags": {
        "selector": "$(#tags).text"
      },
      "sampleUrl": {
        "selector": "$(#image).attr(src)"
      },
      "originUrl": {
        "selector": "$([rel=noopener]).attr(href)"
      }
    }
  },
  "searchSection": {
    "indexUrl": "https://gelbooru.com/index.php?page=post&s=list&tags={keywords:}&pid={page:-1,42}",
    "reuse": "homeSection"
  }
}