{
  "id": 904,
  "version": 1,
  "title": "Danbooru",
  "author": "TsukiSeele",
  "type": "image",
  "icon": "https://danbooru.donmai.us/favicon.ico",
  "rating": "Q",
  "remarks": "Booru图库，收录ACGN插画",
  "homeSection": {
    "indexUrl": "https://danbooru.donmai.us/posts?page={page:0}",
    "gallerySelectors": {
      "title": {
        "selector": "$(div#posts > div > article).attr(id)",
        "capture": "(?<=post_).*",
        "replacement": "Danbooru $0"
      },
      "originUrl": {
        "selector": "$(div#posts > div > article).attr(data-file-url)"
      },
      "sampleUrl": {
        "selector": "$(div#posts > div > article).attr(data-large-file-url)"
      },
      "coverUrl": {
        "selector": "$(div#posts > div > article).attr(data-preview-file-url)"
      },
      "tags": {
        "selector": "$(div#posts > div > article).attr(data-tags)"
      },
      "source_url": {
        "selector": "$(div#posts > div > article).attr(data-source)"
      },
      "info": {
        "selector": "$(div#posts > div > article).attr(data-pixiv-id)"
      }
    }
  },
  "searchSection": {
    "indexUrl": "https://danbooru.donmai.us/posts?page={page:}&tags={keywords:}",
    "reuse": "homeSection"
  }
}