{
  "id": 901,
  "version": 1,
  "title": "3dbooru",
  "author": "TsukiSeele",
  "type": "image",
  "rating": "Q",
  "remarks": "Booru图库，收录真人写真以及Cosplay",
  "icon": "http://behoimi.org/favicon.ico",
  "requestHeaders": {
    "Referer": "http://behoimi.org/post"
  },
  "homeSection": {
    "indexUrl": "http://behoimi.org/post?page={page:0}",
    "gallerySelectors": {
      "title": {
        "selector": "$(span.thumb .preview).attr(alt)"
      },
      "catalogUrl": {
        "selector": "$(span.thumb > a).attr(href)",
        "capture": ".*",
        "replacement": "http://behoimi.org$0"
      },
      "coverUrl": {
        "selector": "$(span.thumb > a > img).attr(src)"
      }
    },
    "catalogSelectors": {
      "title": {
        "selector": "$(head > title).text"
      },
      "tags": {
        "selector": "$(img#image).attr(alt)"
      },
      "sampleUrl": {
        "selector": "$(img#image).attr(src)"
      },
      "originUrl": {
        "selector": "$(div#stats ul li:eq(2) a).attr(href)"
      },
      "coverUrl": {
        "selector": "$(img#image).attr(src)"
      }
    }
  },
  "searchSection": {
    "indexUrl": "http://behoimi.org/post?tags={keywords:}&page={page:0}",
    "reuse": "homeSection"
  }
}