{
  "id": 906,
  "version": 2,
  "title": "FootFetishbooru",
  "author": "TsukiSeele",
  "rating": "S",
  "remarks": "Booru图库，收录足部图片",
  "flag": "",
  "type": "image",
  "icon": "https://footfetishbooru.booru.org/favicon.ico",
  "requestHeaders": {},
  "homeSection": {
    "indexUrl": "https://footfetishbooru.booru.org/index.php?page=post&s=list&pid={page:-1,20}",
    "gallerySelectors": {
      "title": {
        "selector": "$(.thumb > a).attr(id)",
        "capture": "(?<=p)(.*)",
        "replacement": "FootFetish $1"
      },
      "coverUrl": {
        "selector": "$(.thumb img).attr(src)"
      },
      "catalogUrl": {
        "selector": "$(.thumb > a).attr(href)",
        "capture": "(.*)",
        "replacement": "https://footfetishbooru.booru.org/$1"
      }
    },
    "catalogSelectors": {
      "title": {
        "selector": "$(title).text"
      },
      "originUrl": {
        "selector": "$(#image).attr(src)"
      },
      "tags": {
        "selector": "$(#tags).text"
      }
    }
  },
  "searchSection": {
    "indexUrl": "https://footfetishbooru.booru.org/index.php?page=post&s=list&pid={page:-1,20}&tags={keywords:}",
    "reuse": "homeSection"
  },
  "extraSections": {}
}